filename,class
997195ba.jpg,USB_Type_C
9f3f263d.jpg,USB_Micro_B
1072aa7d.jpg,USB_Type_C
f8047293.jpg,USB_Micro_B
3dccb562.jpg,USB_Mini
07de759f.jpg,USB_Mini
105a4d48.jpg,USB_Micro_B
2e5161a1.jpg,Lightning
e9259b87.jpg,USB_Micro_B
5dba4c55.jpg,USB_Micro_B
d4aad11e.jpg,USB_Type_A
901eb9ea.jpg,USB_Type_C
f322392c.jpg,Lightning
98a31770.jpg,USB_Micro_B
e8f68fde.jpg,Lightning
b770d31b.jpg,HDMI
19c03c86.jpg,Lightning
566c660b.jpg,USB_Micro_B
97fdcbef.jpg,RJ_45
d943da81.jpg,Lightning
e27661c7.jpg,USB_Type_B
6c58dca3.jpg,USB_Type_A
6dd25835.jpg,Lightning
19803b03.jpg,Mini_DisplayPort
e550edea.jpg,USB_Type_C
e7f50597.jpg,USB_Micro_B_3.1
53170f63.jpg,USB_Micro_B
9ff47ad1.jpg,USB_Type_A
20891d89.jpg,USB_Micro_B
df001e7b.jpg,USB_Type_A
8597f1e3.jpg,RJ_45
04bc422f.jpg,USB_Micro_B
f1a5b03e.jpg,USB_Type_A
2c161e16.jpg,USB_Micro_B
007bb9f0.jpg,USB_Micro_B
f502688b.jpg,USB_Type_A
f19c99fb.jpg,USB_Micro_B
39be946b.jpg,USB_Type_B
a6570674.jpg,USB_Micro_B
680adeb3.jpg,RJ_45
ba75e619.jpg,USB_Type_A
103006a3.jpg,Lightning
d050a7ee.jpg,USB_Type_A
47bb4e9e.jpg,USB_Type_A
6d886bba.jpg,Lightning
62eb090b.jpg,USB_Micro_B
3ba03660.jpg,USB_Micro_B
a45b15cf.jpg,USB_Micro_B
3093cd4a.jpg,RJ_45
47d2fef5.jpg,USB_Mini
a3534d0d.jpg,USB_Type_C
b1abace7.jpg,USB_Micro_B
88ab2405.jpg,USB_Micro_B
6296b533.jpg,USB_Type_C
62134074.jpg,Mini_DisplayPort
ccafa916.jpg,USB_Type_C
624a88a5.jpg,Lightning
23cedca9.jpg,USB_Type_A
b6b8a47d.jpg,DisplayPort
92450fa4.jpg,Lightning
78ccc633.jpg,Dock
3fd7c031.jpg,USB_Type_C
dac83bb1.jpg,USB_Type_B
65ebea0a.jpg,USB_Micro_B
e92395b2.jpg,Dock
31b69aaa.jpg,HDMI
c6eb567d.jpg,USB_Micro_B
7cff6c2a.jpg,Lightning
2a3cbbdd.jpg,USB_Type_C
98dc495c.jpg,USB_Type_A
ac30b832.jpg,RJ_45
f8195487.jpg,USB_Micro_B_3.1
bff039ee.jpg,Lightning_T
688ba0cb.jpg,USB_Micro_B
c4607b9f.jpg,USB_Type_A
627a3cc3.jpg,USB_Type_C
ccd753c8.jpg,USB_Type_C
b30bb160.jpg,USB_Type_A
972d1e28.jpg,USB_Micro_B
06dd1d67.jpg,USB_Type_A
f4e91412.jpg,USB_Mini
84cb73a9.jpg,USB_Micro_B
2c4d96b4.jpg,RJ_45
ace35f1a.jpg,Lightning
7eb3cbf0.jpg,Lightning_T
54b8a1fc.jpg,Lightning
dfeb9ade.jpg,USB_Type_A
ab6db0a9.jpg,USB_Type_B
c4fe6b6d.jpg,Lightning
aa0a0708.jpg,USB_Type_C
77a767cd.jpg,USB_Type_A
42f515a7.jpg,USB_Type_A
110fa56d.jpg,USB_Micro_B
7c5665f1.jpg,RJ_45
00e5004a.jpg,USB_Micro_B
cd7461b6.jpg,USB_Type_A
926b0e15.jpg,USB_Micro_B
b0cd949d.jpg,RJ_45
d3c74a06.jpg,Lightning
be02a032.jpg,RJ_45
e7d1f058.jpg,USB_Mini
16bc5236.jpg,USB_Micro_B
18b2b9dc.jpg,USB_Micro_B
de365c97.jpg,Dock
aa0e717e.jpg,USB_Type_C
fe5df0a3.jpg,RJ_45
f8e5affd.jpg,USB_Micro_B
904959b9.jpg,USB_Micro_B
666f3094.jpg,Lightning_T
2fb67def.jpg,USB_Type_A
089d6b2f.jpg,Lightning_T
7c877ba1.jpg,USB_Micro_B
8746651a.jpg,Lightning
276d8996.jpg,Dock
d7826181.jpg,Lightning_T
618da674.jpg,Lightning_T
674ae383.jpg,Lightning_T
637d8afe.jpg,Lightning
78e89c06.jpg,Lightning_T
f644bf9e.jpg,USB_Micro_B
f709f755.jpg,USB_Type_B
02a7d9f5.jpg,USB_Type_C
86c7c2b5.jpg,USB_Mini
2d529971.jpg,USB_Type_C
cf8cdd29.jpg,USB_Micro_B
b0009e7a.jpg,USB_Micro_B
be60d263.jpg,USB_Type_A
047f61d3.jpg,USB_Type_C
165e7584.jpg,Lightning
4e14f5a9.jpg,Lightning
823ea8be.jpg,Mini_DisplayPort
80891c5d.jpg,USB_Mini
0bac83d1.jpg,USB_Type_C
86d36266.jpg,USB_Micro_B
8bf0457e.jpg,Dock
72dbab0e.jpg,Dock
d4f61075.jpg,USB_Type_A
d4758ff4.jpg,Lightning
b80cea71.jpg,USB_Mini
dc753f41.jpg,USB_Type_C
1f65946a.jpg,VGA
91076975.jpg,USB_Type_A
d83fac64.jpg,USB_Micro_B
e51d853d.jpg,USB_Type_C
3b8800cc.jpg,USB_Mini
aad043be.jpg,USB_Micro_B
be7768e1.jpg,USB_Mini
ae2f4d68.jpg,USB_Type_A
e4ae2d5c.jpg,USB_Micro_B
52afa605.jpg,USB_Mini
62b6e02e.jpg,USB_Micro_B_3.1
3dd4878e.jpg,USB_Mini
0b0829e2.jpg,RJ_45
6b454452.jpg,USB_Micro_B_3.1
2c313f58.jpg,USB_Type_C
94b39301.jpg,Dock
45bea171.jpg,USB_Micro_B
bcef6335.jpg,USB_Micro_B
3753ed36.jpg,USB_Type_C
c0e855c5.jpg,USB_Type_C
be42a510.jpg,RJ_45
0055471d.jpg,USB_Micro_B
d266f5d6.jpg,USB_Micro_B
07c903ce.jpg,Lightning
4fa50ba8.jpg,USB_Type_C
e0b909c9.jpg,USB_Micro_B
0b02100e.jpg,USB_Type_A
c2e7050a.jpg,USB_Micro_B
36756dd7.jpg,USB_Type_C
05c9a853.jpg,USB_Mini
070f410d.jpg,Lightning
b041df3c.jpg,USB_Micro_B
11f82f34.jpg,USB_Micro_B
584e6896.jpg,Lightning
d6a49362.jpg,USB_Type_A
a8098d79.jpg,USB_Micro_B
e44a1a76.jpg,USB_Micro_B
9c8fb40e.jpg,USB_Type_A
240becef.jpg,USB_Micro_B
5c4473ca.jpg,USB_Micro_B
774d6ab9.jpg,USB_Micro_B
6dd7cb53.jpg,USB_Micro_B
f2074e94.jpg,USB_Type_A
7394c93a.jpg,USB_Micro_B
f0287d86.jpg,Lightning
f5990033.jpg,Mini_DisplayPort
e62fc7f4.jpg,USB_Micro_B
6b7439e6.jpg,RJ_45
57a70e9d.jpg,USB_Type_A
1bfac07f.jpg,USB_Micro_B_3.1
e2466cda.jpg,Mini_DisplayPort
f5f31fbe.jpg,USB_Type_C
44bebbe3.jpg,USB_Micro_B
4c5438f4.jpg,RJ_45
665b4bd9.jpg,USB_Type_B
5b827840.jpg,Lightning
fc0b708c.jpg,USB_Type_C
590417dc.jpg,USB_Type_A
6023019c.jpg,USB_Type_A
ec2cbe71.jpg,USB_Type_C
22d6ed33.jpg,USB_Micro_B
5c1b3c01.jpg,Lightning_T
143e3d54.jpg,USB_Micro_B
f4df948c.jpg,USB_Micro_B
fe48d6db.jpg,USB_Micro_B
82afce17.jpg,USB_Micro_B
0bf85f8f.jpg,RJ_45
6b859cbb.jpg,USB_Micro_B
26ab8360.jpg,USB_Micro_B_3.1
32ae7092.jpg,USB_Type_A
6aa9eaa7.jpg,USB_Type_A
19bdaa29.jpg,USB_Micro_B
4596fcf2.jpg,USB_Type_C
19c378fd.jpg,Lightning_T
3ffe579e.jpg,USB_Micro_B
d30217b6.jpg,USB_Type_A
f0f4d0d8.jpg,USB_Type_B
f0143c0f.jpg,DisplayPort
411b255e.jpg,USB_Type_C
5a8d23e9.jpg,USB_Type_A
626b04e1.jpg,USB_Type_B
e0b1254c.jpg,Lightning
d02601af.jpg,RJ_45
2539b1fe.jpg,Lightning
ae9fb1b2.jpg,USB_Type_C
db8244b6.jpg,Mini_DisplayPort
23c8e3a7.jpg,USB_Type_C
6c35a0cb.jpg,USB_Micro_B
7e12ef6a.jpg,USB_Type_A
8adb2956.jpg,USB_Type_B
2b5afc8a.jpg,USB_Micro_B
5d386cc7.jpg,USB_Micro_B
d84136ed.jpg,USB_Type_A
9abf8b2e.jpg,USB_Type_B
66115b77.jpg,USB_Type_B
344cca50.jpg,USB_Type_A
c79e816b.jpg,USB_Type_A
bfe790c1.jpg,Lightning
b858460b.jpg,USB_Micro_B_3.1
f223bccd.jpg,RJ_45
df5b14c4.jpg,USB_Mini
cdf0e49e.jpg,USB_Micro_B
eb72d6ef.jpg,RJ_45
edbb5523.jpg,USB_Type_C
7a9eef51.jpg,USB_Type_A
2616d2c0.jpg,RJ_45
a6a45099.jpg,USB_Micro_B
87197b95.jpg,USB_Type_A
c59f438f.jpg,Lightning
7221b780.jpg,USB_Micro_B
4cf95d14.jpg,USB_Type_B
df7bcde8.jpg,USB_Type_C
7894c77c.jpg,Dock
f8257578.jpg,USB_Micro_B
f1adcb66.jpg,USB_Micro_B
b777f0d2.jpg,Lightning
d9e62be4.jpg,USB_Type_B
aa273a29.jpg,USB_Micro_B
30314a2d.jpg,RJ_45
b3d251ae.jpg,USB_Micro_B
65aaba9d.jpg,Mini_DisplayPort
099f89c2.jpg,USB_Micro_B
9fec633b.jpg,RJ_45
647711bd.jpg,RJ_45
136c3808.jpg,HDMI
2d7ddcd4.jpg,USB_Type_A
dbf38014.jpg,HDMI
0612c461.jpg,USB_Micro_B
ebdbdc24.jpg,USB_Mini
6798cf37.jpg,USB_Mini
b745dc21.jpg,USB_Micro_B
e9edefad.jpg,HDMI
1fec0ea0.jpg,USB_Type_A
88a96b29.jpg,USB_Mini
033e21c3.jpg,HDMI
31406b7e.jpg,USB_Mini
bec24002.jpg,Lightning_T
16d359df.jpg,USB_Micro_B
08c048c2.jpg,USB_Micro_B
3bb7a236.jpg,Lightning
e1d16392.jpg,USB_Micro_B
f334f8fe.jpg,USB_Type_C
bd453fe5.jpg,USB_Mini
40a1f25b.jpg,HDMI
8a7cfae5.jpg,USB_Micro_B
8ed062f0.jpg,Lightning
d44f0a3a.jpg,USB_Micro_B
70f0224f.jpg,Lightning
f9b4948c.jpg,Dock
57521d95.jpg,USB_Micro_B
ef9f82e4.jpg,USB_Mini
2ed6761c.jpg,Dock
d88efaf7.jpg,USB_Micro_B
6174fe58.jpg,USB_Micro_B
3b853121.jpg,Dock
ee1738c7.jpg,USB_Type_C
56b296e2.jpg,USB_Micro_B
6a98afad.jpg,USB_Mini
fc612ab0.jpg,USB_Micro_B
91e25df3.jpg,USB_Micro_B
748f3cfa.jpg,USB_Mini
92d07fe9.jpg,RJ_45
ea840312.jpg,USB_Micro_B
4a999df5.jpg,USB_Type_A
70eecd73.jpg,Lightning
05e76bca.jpg,RJ_45
a6505910.jpg,USB_Type_B
70e759ac.jpg,USB_Type_A
f38df786.jpg,USB_Type_A
240a8d86.jpg,USB_Type_C
3d5029ef.jpg,USB_Micro_B
f69069b7.jpg,USB_Micro_B
f1f4b0e9.jpg,Lightning
c53b03c6.jpg,USB_Micro_B
929c524a.jpg,USB_Type_C
15b79601.jpg,USB_Micro_B
137bca45.jpg,USB_Type_C
b2c2eaf2.jpg,USB_Micro_B_W
871cc51f.jpg,USB_Type_C
5675b0f0.jpg,USB_Type_C
025f8e0f.jpg,RJ_45
a855a483.jpg,USB_Type_C
b867324a.jpg,DisplayPort
bfc07236.jpg,USB_Micro_B
aa3bffa4.jpg,USB_Type_A
cae0adc6.jpg,USB_Type_C
847128eb.jpg,USB_Micro_B
47abf82b.jpg,USB_Micro_B
a85b8ef2.jpg,USB_Type_B
7be41cb3.jpg,USB_Micro_B_3.1
b0dd537a.jpg,USB_Type_C
a9f544fb.jpg,USB_Micro_B
b76d7a9a.jpg,Lightning
092dd415.jpg,USB_Micro_B
8293ec60.jpg,USB_Micro_B
75d56819.jpg,USB_Micro_B
0fb64c26.jpg,USB_Micro_B
0a15a807.jpg,HDMI
66e3d2ac.jpg,USB_Type_C
229be2d7.jpg,Lightning
f3144649.jpg,USB_Micro_B
b6f62d20.jpg,RJ_45
f9b7214e.jpg,Lightning
b24b2956.jpg,RJ_45
d5fafe28.jpg,USB_Type_C
959f3b93.jpg,USB_Micro_B
943cbef5.jpg,USB_Type_A
71a0b1ec.jpg,Mini_DisplayPort
97afd113.jpg,RJ_45
78b776c8.jpg,USB_Micro_B
04d69956.jpg,USB_Micro_B
ef01d9c7.jpg,USB_Micro_B
10dc03a5.jpg,USB_Type_A
79b9ca14.jpg,USB_Micro_B
27df849c.jpg,USB_Type_A
b301de05.jpg,USB_Type_B
945c7f6e.jpg,USB_Micro_B
60049b34.jpg,USB_Type_C
0cf9d026.jpg,RJ_45
6c2787d1.jpg,DisplayPort
9f88dcfe.jpg,USB_Mini
77d97282.jpg,USB_Type_C
b2b20c1a.jpg,USB_Type_B
903198d7.jpg,USB_Micro_B
fdd42eaa.jpg,USB_Mini
44592b77.jpg,VGA
670bf741.jpg,USB_Micro_B_3.1
cf7542e3.jpg,USB_Micro_B
18d7b40c.jpg,USB_Type_A
14bc33c0.jpg,USB_Type_C
2e4fae5e.jpg,USB_Micro_B
88a15fac.jpg,HDMI
c6ca46cb.jpg,Dock
761893cc.jpg,VGA
ffeace36.jpg,USB_Mini
0da75e0c.jpg,USB_Type_A
e49e2453.jpg,HDMI
4e743b45.jpg,USB_Type_C
bdefb4a5.jpg,USB_Micro_B
39cff4eb.jpg,RJ_45
8f78654a.jpg,USB_Micro_B
0838ee0d.jpg,USB_Mini
574d87d7.jpg,USB_Mini
f89b1611.jpg,USB_Mini
4af95edf.jpg,HDMI
31d1c357.jpg,USB_Micro_B
ba846ba4.jpg,RJ_45
07740fab.jpg,USB_Mini
a88740ae.jpg,USB_Mini
80335c1f.jpg,USB_Type_A
56c9a891.jpg,USB_Type_C
915221c5.jpg,USB_Type_A
311c685e.jpg,Lightning_T
641db3bc.jpg,USB_Mini
f91fc71f.jpg,Mini_DisplayPort
9f34c271.jpg,RJ_45
02d9e4ba.jpg,USB_Micro_B
cc85c37c.jpg,USB_Micro_B
ff488d42.jpg,Lightning
24a8e274.jpg,USB_Type_C
3d07b06a.jpg,USB_Micro_B
1fe32635.jpg,USB_Micro_B
77e359e4.jpg,Dock
214538a7.jpg,USB_Type_C
424b10b7.jpg,USB_Type_C
640dad79.jpg,USB_Micro_B
a0010443.jpg,USB_Type_A
8f7ecfeb.jpg,USB_Micro_B
713cbbbc.jpg,USB_Micro_B
d262a008.jpg,USB_Type_C
cd6f3117.jpg,USB_Type_A
1a523a39.jpg,USB_Mini
138bfa99.jpg,HDMI
3d8faf78.jpg,USB_Micro_B
c55d1110.jpg,Dock
42254207.jpg,USB_Mini
6080687c.jpg,USB_Micro_B
35d33e5f.jpg,Mini_DisplayPort
16a0c5ab.jpg,USB_Type_A
4e9bc236.jpg,Lightning
e8001139.jpg,USB_Micro_B
70583edb.jpg,USB_Micro_B_3.1
204da20c.jpg,USB_Type_A
36e9bae8.jpg,USB_Mini
226a90d6.jpg,Dock
eeb80c02.jpg,USB_Micro_B
bf4a97bd.jpg,Lightning
864dfaa6.jpg,USB_Mini
37dfea17.jpg,USB_Type_A
fe7104ae.jpg,USB_Mini
88afeab1.jpg,HDMI
0f513511.jpg,USB_Type_C
94a151a7.jpg,USB_Micro_B
d6758b15.jpg,USB_Micro_B
08c4abe1.jpg,USB_Type_C
bdcc8eee.jpg,Lightning
73e47770.jpg,USB_Type_B
d1050bc4.jpg,USB_Mini
1b47bcdc.jpg,USB_Type_A
9efe6bb0.jpg,USB_Micro_B_3.1
550b4484.jpg,USB_Micro_B_3.1
38fb740d.jpg,USB_Type_B
672e0e61.jpg,USB_Type_A
3d21fff7.jpg,RJ_45
c9c35aab.jpg,USB_Type_B
f5e3c296.jpg,USB_Type_C
b382d571.jpg,USB_Micro_B_3.1
d4bd71ee.jpg,USB_Type_C
99c607c3.jpg,Lightning
1fcabbbe.jpg,USB_Type_C
5825f1c4.jpg,USB_Micro_B_3.1
972e2ce8.jpg,USB_Type_A
8e172c40.jpg,USB_Type_C
5884ccb3.jpg,USB_Micro_B
b33722a4.jpg,USB_Type_B
ec03ee0b.jpg,Dock
9fec1108.jpg,USB_Type_A
394069cf.jpg,USB_Type_A
5da3cb5e.jpg,USB_Type_A
dac358f8.jpg,USB_Micro_B
033d9157.jpg,USB_Type_C
39601b99.jpg,RJ_45
59316e7b.jpg,USB_Micro_B
ba51542e.jpg,USB_Type_C
bd50900d.jpg,Dock
874ed629.jpg,RJ_45
4a93457c.jpg,USB_Micro_B_3.1
2e80f496.jpg,HDMI
c58c7cd0.jpg,USB_Micro_B
964411c8.jpg,USB_Type_C
f1ece3b0.jpg,USB_Type_C
b996521b.jpg,RJ_45
5b758ad6.jpg,USB_Type_C
3350f551.jpg,Lightning_T
0124eabe.jpg,Lightning
04e48ac7.jpg,VGA
dcc4b2fc.jpg,USB_Micro_B
13dcb66d.jpg,USB_Micro_B
bc8ec578.jpg,USB_Micro_B
4dc8d8da.jpg,Lightning_T
10f3cad2.jpg,USB_Type_A
16b10e4a.jpg,USB_Type_A
2f6543dc.jpg,VGA
6edda2b2.jpg,USB_Micro_B
e67609a8.jpg,USB_Micro_B
5725a8a0.jpg,USB_Type_A
fa22eece.jpg,USB_Type_C
53adbfe0.jpg,Lightning
66b46779.jpg,Lightning
b23d7cbf.jpg,USB_Micro_B
b19958b8.jpg,USB_Micro_B
fef22fe6.jpg,USB_Type_C
7699f99f.jpg,USB_Micro_B
8f6cda52.jpg,USB_Micro_B
30c3cfd7.jpg,USB_Type_C
35b16d15.jpg,USB_Type_B
49d47c56.jpg,RJ_45
3bb9513e.jpg,USB_Type_C
6f35cdf7.jpg,USB_Type_A
bc9df4f8.jpg,USB_Micro_B
696561fc.jpg,USB_Type_A
51718e52.jpg,USB_Micro_B_3.1
6ef1e690.jpg,USB_Mini
9c563b54.jpg,USB_Type_C
34cdd525.jpg,DisplayPort
71ecfa24.jpg,USB_Micro_B
d1dadbec.jpg,USB_Micro_B
0841776b.jpg,USB_Micro_B
c3e64604.jpg,Lightning
8fec47b1.jpg,Lightning
ffc8ada2.jpg,Mini_DisplayPort
ce861967.jpg,HDMI
8d2617d6.jpg,USB_Type_C
8770edb5.jpg,USB_Type_C
97297e18.jpg,Lightning
861696e5.jpg,USB_Type_C
e95aa79c.jpg,USB_Micro_B
736231f4.jpg,USB_Type_A
baf23cd1.jpg,RJ_45
99e095af.jpg,USB_Type_C
742746b8.jpg,USB_Type_A
c92f293f.jpg,USB_Type_A
cf6d3750.jpg,USB_Type_B
c59fc5a4.jpg,USB_Micro_B
6653d55e.jpg,RJ_45
136e34f9.jpg,USB_Micro_B_3.1
65acd6ad.jpg,Lightning
7670cfb6.jpg,USB_Type_B
3ecb6217.jpg,USB_Micro_B
fc6ff81a.jpg,USB_Type_B
786cc3ab.jpg,USB_Micro_B_3.1
ac1f1175.jpg,USB_Type_B
f60132f6.jpg,USB_Type_A
1b023db7.jpg,USB_Micro_B_3.1
b0500d3f.jpg,RJ_45
618b4b2f.jpg,USB_Micro_B
677aa0a2.jpg,USB_Micro_B
3cbc98a6.jpg,USB_Mini
22cef979.jpg,USB_Type_B
732394c9.jpg,USB_Micro_B
0dac761b.jpg,USB_Micro_B
1ab4c857.jpg,USB_Type_A
835ca4af.jpg,Mini_DisplayPort
7e7f35ea.jpg,USB_Type_B
c514d648.jpg,USB_Mini
72b72344.jpg,Lightning_T
5a138a4d.jpg,RJ_45
cc0d6bb6.jpg,USB_Micro_B
55f96e4d.jpg,USB_Type_C
7536db66.jpg,Lightning_T
458f48d8.jpg,Lightning_T
3c29c2a1.jpg,RJ_45
ac9cd720.jpg,USB_Micro_B
7ab1ea74.jpg,USB_Type_C
49b64d49.jpg,USB_Micro_B
0bf5f896.jpg,USB_Type_C
1740f869.jpg,USB_Mini
1a7918b7.jpg,USB_Micro_B
b163e13f.jpg,USB_Type_B
2ce7089b.jpg,USB_Micro_B
3b43a62b.jpg,USB_Micro_B
528b7a40.jpg,USB_Type_A
e44e10fc.jpg,USB_Micro_B
f4808239.jpg,USB_Type_C
07820809.jpg,Lightning
46d4b8ad.jpg,RJ_45
1525fde2.jpg,USB_Type_C
62eb10ce.jpg,USB_Type_C
77efbeb2.jpg,USB_Mini
11720675.jpg,USB_Type_A
6eb290ca.jpg,USB_Micro_B_W
da10e028.jpg,USB_Mini
06c6b3b1.jpg,USB_Micro_B
7d6f7382.jpg,USB_Micro_B
835159c5.jpg,USB_Micro_B_3.1
98c17353.jpg,USB_Type_C
c05b79d9.jpg,USB_Type_C
dd073026.jpg,USB_Type_B
50c9cbde.jpg,USB_Type_A
1ea59575.jpg,USB_Type_C
76506702.jpg,USB_Micro_B
ccb2a502.jpg,USB_Type_A
f986a473.jpg,USB_Micro_B_3.1
54e8ae4b.jpg,USB_Micro_B
dd4b93d5.jpg,VGA
f2b1ad0b.jpg,USB_Mini
8f49b1bc.jpg,USB_Micro_B
4a514c08.jpg,USB_Micro_B
bcec7283.jpg,Mini_DisplayPort
30afd706.jpg,USB_Type_C
d7209b90.jpg,RJ_45
a2fd53e8.jpg,Lightning
848e3fb8.jpg,RJ_45
7c520a66.jpg,RJ_45
3cb4f294.jpg,USB_Micro_B
106816e5.jpg,USB_Type_C
23db4884.jpg,HDMI
b6a6ee19.jpg,USB_Micro_B
fe16263b.jpg,USB_Type_C
a9805ef9.jpg,USB_Micro_B
87d4d741.jpg,USB_Mini
1cfc0e72.jpg,USB_Micro_B
219e8b25.jpg,RJ_45
03231a89.jpg,USB_Type_C
a317919b.jpg,USB_Micro_B
bd21d2b7.jpg,USB_Type_A
0c8ec162.jpg,Lightning
210ed295.jpg,USB_Micro_B
26adad3a.jpg,RJ_45
01d0e62a.jpg,USB_Micro_B
7a752682.jpg,USB_Mini
a18b5554.jpg,USB_Type_C
134ccc3d.jpg,USB_Micro_B
2e7586ca.jpg,USB_Micro_B
56fdd26b.jpg,USB_Type_C
bd26cc4a.jpg,USB_Type_C
8bf5d984.jpg,USB_Micro_B
c0a56c7d.jpg,USB_Micro_B
2446f0b1.jpg,HDMI
c045ed00.jpg,USB_Micro_B
bd5ffa67.jpg,USB_Micro_B
02be6761.jpg,HDMI
969d5bc8.jpg,RJ_45
d9adc0ef.jpg,RJ_45
ef7402ce.jpg,Lightning_T
df403dc0.jpg,USB_Micro_B
b23ae8b6.jpg,USB_Micro_B
67159986.jpg,USB_Type_C
171c6f4d.jpg,USB_Micro_B
4d872d8a.jpg,RJ_45
41bee82c.jpg,USB_Type_B
ca60f87c.jpg,Lightning_T
f99c189c.jpg,HDMI
a7b71523.jpg,USB_Mini
7e83db41.jpg,USB_Micro_B
8e8e7d44.jpg,USB_Micro_B
30814e30.jpg,Lightning
0c551c62.jpg,USB_Micro_B
f222de74.jpg,USB_Mini
b484c8b5.jpg,USB_Micro_B_W
3183f44c.jpg,Lightning
3348e5b3.jpg,HDMI
8a993b22.jpg,RJ_45
aebd65c9.jpg,USB_Mini
87d701f9.jpg,USB_Micro_B
a27fe0bf.jpg,Lightning
991d584e.jpg,USB_Type_C
77005411.jpg,USB_Type_A
09ecbcfd.jpg,USB_Type_A
b3f3b8b4.jpg,USB_Type_B
7da68cc4.jpg,USB_Micro_B
45907f9b.jpg,USB_Mini
226674fc.jpg,USB_Type_A
e2868b27.jpg,USB_Type_A
d9ce83cc.jpg,USB_Micro_B
195a93d4.jpg,USB_Mini
fe8f16a4.jpg,USB_Mini
f6af1353.jpg,USB_Type_B
c0e44eee.jpg,USB_Micro_B
71a15903.jpg,USB_Micro_B
0c21ef17.jpg,USB_Type_C
1c0021eb.jpg,USB_Type_C
54409a01.jpg,Mini_DisplayPort
5896935f.jpg,USB_Micro_B
4f6a7e2f.jpg,RJ_45
5d734055.jpg,USB_Type_B
97b8df60.jpg,USB_Type_A
92c96692.jpg,USB_Micro_B_3.1
c086d47a.jpg,Mini_DisplayPort
bec37643.jpg,USB_Micro_B
a7827004.jpg,Lightning
0f20d3c0.jpg,RJ_45
4e191b8a.jpg,Lightning
82358c18.jpg,Lightning
91c43e4d.jpg,USB_Micro_B
5b5307b0.jpg,USB_Micro_B
05170002.jpg,USB_Micro_B
b630babc.jpg,Lightning_T
6db23658.jpg,USB_Micro_B
d70eb324.jpg,USB_Micro_B
05d6627d.jpg,RJ_45
849c8dc0.jpg,USB_Type_A
f98daa7f.jpg,USB_Type_A
165f4089.jpg,USB_Type_C
2bb006b6.jpg,USB_Type_A
690c4db0.jpg,USB_Micro_B_3.1
03ca1c32.jpg,USB_Micro_B_3.1
883e208b.jpg,USB_Mini
519eb431.jpg,USB_Micro_B
a93adca4.jpg,USB_Type_C
beb56a1c.jpg,Dock
1c457122.jpg,HDMI
e96d1263.jpg,USB_Micro_B
ba7552f4.jpg,USB_Mini
1a26fdc8.jpg,USB_Type_C
0a2e7ebf.jpg,USB_Micro_B
85cbbd52.jpg,USB_Type_C
afae3214.jpg,USB_Type_B
223756b4.jpg,USB_Mini
81b3cf4b.jpg,USB_Type_A
88faa9b4.jpg,USB_Mini
6efed5b4.jpg,HDMI
1be66362.jpg,USB_Type_C
ac1a5eac.jpg,USB_Micro_B
6cba4409.jpg,Lightning
abcb3b74.jpg,USB_Micro_B
15930d8c.jpg,USB_Mini
dc4f7dab.jpg,USB_Micro_B
d11dffa1.jpg,USB_Type_A
b86c546f.jpg,USB_Micro_B
678ae702.jpg,Lightning
82edc0d5.jpg,USB_Type_C
bc9e1b2d.jpg,USB_Type_A
559270f1.jpg,USB_Type_A
3275789f.jpg,DisplayPort
dc1cdc6e.jpg,USB_Micro_B
6a868b51.jpg,USB_Mini
54a97c7a.jpg,USB_Micro_B
a8d2de09.jpg,Lightning
85d9ac31.jpg,USB_Type_C
784610d3.jpg,USB_Type_A
f85f52cd.jpg,USB_Type_B
f6e6b8ab.jpg,USB_Type_A
f41be124.jpg,USB_Type_A
7eadb7d2.jpg,USB_Micro_B
cdb456f8.jpg,USB_Micro_B
8bf5b76e.jpg,USB_Type_A
14cc326f.jpg,USB_Micro_B
4e2717b5.jpg,USB_Micro_B_3.1
c78d87f5.jpg,Lightning
457ee5fe.jpg,USB_Micro_B_3.1
563c9ff2.jpg,USB_Type_C
9f6fe9fe.jpg,USB_Type_A
654a1fa1.jpg,USB_Mini
901e2b7d.jpg,Mini_DisplayPort
e5cb520f.jpg,USB_Type_C
7d04e37b.jpg,USB_Micro_B
d38e2c5c.jpg,RJ_45
f4067a1e.jpg,RJ_45
f765e6cd.jpg,USB_Micro_B
3250919d.jpg,USB_Micro_B
e1d3807f.jpg,USB_Micro_B
23da7cbd.jpg,Lightning
bd232492.jpg,Mini_DisplayPort
8fab5b1e.jpg,Dock
1e675c77.jpg,USB_Type_A
702b7185.jpg,USB_Mini
e2310acf.jpg,USB_Micro_B
b2d3f6f5.jpg,USB_Micro_B_3.1
7c776311.jpg,VGA
7825b394.jpg,Lightning
ed242cb2.jpg,USB_Type_A
8a851b82.jpg,Lightning
fc2a469f.jpg,USB_Mini
e44396c4.jpg,Lightning
940a01e9.jpg,RJ_45
8498cfe1.jpg,Lightning
94e43b53.jpg,RJ_45
08c0c631.jpg,USB_Micro_B
ab873c41.jpg,RJ_45
cc54f09b.jpg,USB_Type_C
5ff1a111.jpg,USB_Micro_B
c0159886.jpg,HDMI
e3a25987.jpg,HDMI
35c95bf7.jpg,USB_Type_B
4bbad7fe.jpg,USB_Micro_B
4de75f76.jpg,Lightning
8f156dbf.jpg,USB_Mini
4fb2dcff.jpg,USB_Micro_B
f911d0fe.jpg,Mini_DisplayPort
8c35b2b8.jpg,RJ_45
76c3d2b6.jpg,USB_Mini
6817f082.jpg,USB_Mini
762ee53f.jpg,USB_Micro_B_3.1
25b0ba2e.jpg,Lightning
7fadbcbd.jpg,USB_Micro_B
ffca1716.jpg,USB_Micro_B
63d4119d.jpg,USB_Type_B
e5940ff0.jpg,USB_Micro_B
024f281d.jpg,Lightning
e998d857.jpg,Lightning
c5752834.jpg,RJ_45
6ff718c7.jpg,USB_Mini
ab5c9402.jpg,USB_Type_A
2df0e8de.jpg,USB_Micro_B
f0dc74b0.jpg,Lightning_T
bbcea546.jpg,USB_Type_A
b0f14e5f.jpg,Lightning
64cd896a.jpg,USB_Type_C
a04f132c.jpg,USB_Type_A
d7479ffb.jpg,USB_Micro_B
e75efcea.jpg,USB_Micro_B
5a40fb34.jpg,USB_Mini
8f49fe8a.jpg,Mini_DisplayPort
70349624.jpg,VGA
4c05a0d4.jpg,Lightning
eb1e5e26.jpg,RJ_45
ab7a9032.jpg,Lightning
4a01ae2c.jpg,USB_Type_C
0e74a97e.jpg,USB_Micro_B
74c49298.jpg,USB_Micro_B
85bda77b.jpg,USB_Type_A
9a818285.jpg,USB_Micro_B
7aade54b.jpg,USB_Type_C
e8f98f01.jpg,RJ_45
d4d37d59.jpg,Lightning_T
4674f076.jpg,USB_Type_C
c279a17c.jpg,USB_Micro_B
a2f522d3.jpg,USB_Micro_B
4395e6c1.jpg,USB_Type_A
ff0db962.jpg,USB_Micro_B
2b6255b2.jpg,USB_Type_A
0e74f3e3.jpg,RJ_45
999a1c49.jpg,USB_Type_A
0fa55212.jpg,USB_Micro_B
2ab5e84f.jpg,Lightning_T
fbb0acfb.jpg,RJ_45
b9606df4.jpg,USB_Micro_B
6e7dcabf.jpg,Lightning
112a779f.jpg,USB_Type_C
b8db3dee.jpg,Mini_DisplayPort
cd935b7a.jpg,USB_Type_C
66363b24.jpg,USB_Type_A
c7bfff5d.jpg,USB_Micro_B
297219e7.jpg,USB_Type_C
a8faac45.jpg,USB_Type_A
5c0af5de.jpg,Mini_DisplayPort
c1f330d0.jpg,RJ_45
807bf787.jpg,USB_Mini
a61ed520.jpg,USB_Micro_B_W
c4876de4.jpg,USB_Micro_B_W
423359e0.jpg,USB_Micro_B
0bc496be.jpg,USB_Type_A
f9ae7cd2.jpg,Lightning
5769adbd.jpg,VGA
75ca383d.jpg,USB_Micro_B
81792906.jpg,RJ_45
9ffed998.jpg,USB_Micro_B
d742ee1f.jpg,USB_Type_C
1dce0fde.jpg,Lightning
6bfc3128.jpg,USB_Micro_B
5a72f009.jpg,DisplayPort
daa26812.jpg,USB_Mini
8f9482d7.jpg,USB_Micro_B
b5994595.jpg,RJ_45
885332b7.jpg,VGA
d755c8bc.jpg,USB_Micro_B
08f28a84.jpg,USB_Type_B
7bd100e9.jpg,Mini_DisplayPort
94c6f22b.jpg,USB_Micro_B
093edcd6.jpg,USB_Type_B
99ac17d9.jpg,USB_Micro_B
b4b56103.jpg,USB_Micro_B
c5067bcb.jpg,VGA
81d08c8e.jpg,Lightning
2cca9621.jpg,Lightning
ac9a747f.jpg,USB_Type_C
3366cbd9.jpg,USB_Type_C
50f3c08f.jpg,HDMI
8f59d6d0.jpg,USB_Micro_B
8f8f2b1c.jpg,RJ_45
e31b2575.jpg,USB_Micro_B
91b8107c.jpg,USB_Type_C
19f74067.jpg,USB_Micro_B_3.1
75ebf305.jpg,USB_Micro_B
5f0e1cb8.jpg,USB_Micro_B
01b06eff.jpg,USB_Micro_B
69f5ac79.jpg,Lightning
b57a8102.jpg,HDMI
3ae3ddb3.jpg,USB_Mini
29e03cf0.jpg,Mini_DisplayPort
f0c232dc.jpg,USB_Micro_B
607081ed.jpg,USB_Micro_B
ee4e410c.jpg,USB_Micro_B
e5f4b224.jpg,USB_Micro_B
cf482388.jpg,USB_Micro_B
f2192af8.jpg,USB_Micro_B
42f168c6.jpg,RJ_45
b99f5dab.jpg,USB_Micro_B
85862dbb.jpg,VGA
8315a6b1.jpg,USB_Micro_B
4891caa7.jpg,USB_Type_B
9dc49dc1.jpg,USB_Type_C
be4f4b16.jpg,RJ_45
d41c8b41.jpg,USB_Micro_B
1c879757.jpg,RJ_45
0bcbf7c3.jpg,USB_Type_A
0e05fcf5.jpg,USB_Type_A
186ae1f9.jpg,RJ_45
d1fd98f2.jpg,USB_Micro_B
4c0dd8c3.jpg,USB_Type_C
47a75f17.jpg,USB_Micro_B
8b1b880d.jpg,USB_Type_C
b608ba87.jpg,USB_Type_A
23fd0d78.jpg,USB_Micro_B
5b0744b8.jpg,USB_Type_C
51eb691e.jpg,USB_Micro_B
4ed6af94.jpg,USB_Type_A
b1f42370.jpg,USB_Mini
00fb615b.jpg,USB_Micro_B
9a560c41.jpg,RJ_45
d0a50d26.jpg,Lightning
5e12fecf.jpg,Lightning
883bde73.jpg,HDMI
cd677da2.jpg,USB_Mini
3855328d.jpg,Lightning_T
d3e55956.jpg,USB_Micro_B
7cec036a.jpg,USB_Micro_B
da4b4dff.jpg,USB_Mini
3f26fa94.jpg,USB_Type_C
dad11be2.jpg,USB_Micro_B
7d84a9ed.jpg,USB_Micro_B
8e0dcd78.jpg,USB_Micro_B
8b8d92de.jpg,Lightning
c08a1a26.jpg,USB_Type_C
df7276b5.jpg,USB_Mini
ea4c5d4d.jpg,USB_Micro_B_3.1
be569a9d.jpg,USB_Micro_B
654c495a.jpg,DisplayPort
8cce1034.jpg,Lightning
b76251f6.jpg,USB_Micro_B_3.1
8ca01451.jpg,USB_Mini
51729bc3.jpg,USB_Micro_B
220c2ca8.jpg,Lightning
8a8d000e.jpg,USB_Micro_B
6f7eceea.jpg,USB_Type_C
4467087e.jpg,VGA
84b1ac76.jpg,USB_Micro_B
3839ec7a.jpg,USB_Type_B
b947e835.jpg,DisplayPort
3050fd91.jpg,RJ_45
88be6527.jpg,USB_Type_C
2d59bbbb.jpg,Lightning
a590c9fa.jpg,USB_Mini
f7d75fbe.jpg,USB_Micro_B
b9b9101a.jpg,USB_Micro_B
70b1a1b3.jpg,USB_Type_A
afee5440.jpg,USB_Type_B
c90117a8.jpg,USB_Mini
bb596efa.jpg,RJ_45
e1e2efca.jpg,Dock
659a8250.jpg,Lightning_T
af3b1cab.jpg,Lightning
42ce7d82.jpg,RJ_45
d130a946.jpg,USB_Type_A
7b21f45f.jpg,USB_Micro_B
72ec0c24.jpg,USB_Micro_B
fa0f652b.jpg,USB_Micro_B
7c78c0c8.jpg,USB_Micro_B
44e96b0d.jpg,USB_Mini
dd077522.jpg,RJ_45
92fc4b87.jpg,USB_Type_A
b6be463f.jpg,RJ_45
827050ef.jpg,VGA
f49b714c.jpg,HDMI
f67d8d45.jpg,USB_Micro_B
48cd7860.jpg,USB_Micro_B
6ac10f60.jpg,USB_Micro_B
f2fc8d2a.jpg,USB_Type_C
6f49b07c.jpg,USB_Type_B
ac98dd83.jpg,USB_Micro_B_3.1
a6f99abe.jpg,Lightning
16ecc826.jpg,USB_Micro_B_3.1
00a34678.jpg,USB_Micro_B_3.1
71e38ac3.jpg,USB_Type_A
112278e1.jpg,USB_Type_C
22fb7dcd.jpg,USB_Type_A
78a59b56.jpg,USB_Mini
8f97bed7.jpg,RJ_45
1e05e94f.jpg,Mini_DisplayPort
ea37901e.jpg,RJ_45
fb126367.jpg,USB_Type_C
63cbd51a.jpg,USB_Micro_B
cdbfcca6.jpg,USB_Micro_B
25f3b8d7.jpg,USB_Micro_B
2c3da60c.jpg,USB_Micro_B
295da4bd.jpg,USB_Micro_B
1bde51d3.jpg,USB_Mini
f7afe154.jpg,USB_Micro_B
9024c0f0.jpg,USB_Micro_B
ab7001df.jpg,Lightning
f30c80f1.jpg,USB_Type_C
a9e1bff2.jpg,VGA
0e3cdfe7.jpg,USB_Micro_B_3.1
8dae77b9.jpg,USB_Type_C
d0a8b0a0.jpg,USB_Mini
e96d2e15.jpg,Lightning_T
2cfbedf5.jpg,USB_Micro_B_3.1
c4f53134.jpg,USB_Micro_B
087eedfb.jpg,USB_Type_A
b9f24b9a.jpg,Lightning
daeb96ce.jpg,USB_Micro_B
910eb29d.jpg,Mini_DisplayPort
9852ea41.jpg,VGA
bc7b71ca.jpg,USB_Micro_B
b0f59ce1.jpg,USB_Type_C
7cb0717f.jpg,USB_Mini
d015f6f3.jpg,Dock
ae600b4e.jpg,USB_Type_C
9f72a096.jpg,USB_Micro_B
431543f6.jpg,RJ_45
493daeab.jpg,USB_Micro_B
36b90715.jpg,USB_Micro_B
377e7eda.jpg,USB_Micro_B
986158ef.jpg,HDMI
cfc8f14d.jpg,Lightning_T
86d3b0ca.jpg,USB_Micro_B
5a206575.jpg,USB_Type_C
d2022f65.jpg,Lightning
249bf742.jpg,USB_Type_B
6d19021e.jpg,RJ_45
fbdf2bdc.jpg,HDMI
cb936339.jpg,USB_Micro_B
ea73b925.jpg,USB_Micro_B
e2863825.jpg,USB_Micro_B
73bdd170.jpg,USB_Type_A
0b178e2a.jpg,USB_Micro_B
e3f6efd7.jpg,USB_Micro_B
6b1b7383.jpg,USB_Micro_B
6c2b7264.jpg,USB_Micro_B_3.1
441d6c57.jpg,Lightning_T
1ba6b3c0.jpg,USB_Mini
225e15bc.jpg,Lightning_T
395e69ba.jpg,USB_Micro_B
e29a4755.jpg,USB_Type_A
e2fd5344.jpg,VGA
924e2ab4.jpg,USB_Type_A
14c4aee2.jpg,RJ_45
ff614a1c.jpg,Dock
27c07bcf.jpg,USB_Type_B
71d98554.jpg,Dock
434444f0.jpg,Lightning
a0082f39.jpg,USB_Micro_B
bbb041ad.jpg,USB_Micro_B
7e7d9136.jpg,USB_Mini
3cf72f96.jpg,Lightning_T
9c273b9b.jpg,USB_Mini
45404587.jpg,RJ_45
db00b129.jpg,USB_Type_C
b6d740a5.jpg,USB_Micro_B_3.1
61d48b97.jpg,USB_Type_A
6a5c1ceb.jpg,HDMI
f33486ef.jpg,RJ_45
5d9f9703.jpg,USB_Micro_B
4cd2601d.jpg,USB_Mini
e0f23d78.jpg,Mini_DisplayPort
6b77edc6.jpg,Lightning_T
319af1cd.jpg,USB_Micro_B
5df138ee.jpg,Mini_DisplayPort
b4e9f0c9.jpg,USB_Type_C
745c9ffd.jpg,USB_Mini
b754f64a.jpg,USB_Micro_B
acb1c2fc.jpg,USB_Mini
1b1d53b5.jpg,USB_Type_A
858656c7.jpg,Lightning
914a2d23.jpg,Dock
f08fd4d8.jpg,USB_Type_C
52e566a6.jpg,USB_Micro_B
b303d8f8.jpg,USB_Micro_B_3.1
5cf2fd29.jpg,USB_Type_A
d6402063.jpg,RJ_45
8d02a62f.jpg,RJ_45
8fb95456.jpg,Lightning
ce32166a.jpg,USB_Type_A
5c991db5.jpg,Lightning
b31e8ef6.jpg,USB_Type_A
da926fa7.jpg,USB_Type_C
2eed0e49.jpg,USB_Micro_B
e5cc333a.jpg,USB_Micro_B_3.1
d05d97f1.jpg,USB_Micro_B
7fdc1086.jpg,USB_Type_C
a8bae822.jpg,USB_Type_B
8a620616.jpg,USB_Type_B
d93823eb.jpg,RJ_45
8cdf2de1.jpg,USB_Micro_B
594c3876.jpg,Mini_DisplayPort
8ff86e44.jpg,Lightning
6bf633ef.jpg,USB_Mini
645158b9.jpg,USB_Mini
8acb6828.jpg,RJ_45
50c50440.jpg,USB_Micro_B
f861f085.jpg,USB_Mini
2f0f83e1.jpg,USB_Type_A
2e8fae94.jpg,USB_Type_A
080d8dcc.jpg,USB_Type_C
70d763fa.jpg,USB_Micro_B
6bfc25cc.jpg,HDMI
a338ed17.jpg,Lightning
2fa87a66.jpg,USB_Type_C
d15fef60.jpg,USB_Micro_B
3e5bc825.jpg,USB_Micro_B
a4a5e86a.jpg,USB_Type_C
5f8114e6.jpg,USB_Mini
24905ca8.jpg,USB_Micro_B_3.1
a17aa189.jpg,USB_Micro_B_3.1
ca526c36.jpg,USB_Mini
f204081a.jpg,USB_Type_C
81d3c27c.jpg,Mini_DisplayPort
c3d320b1.jpg,DisplayPort
e3d3d4ae.jpg,USB_Micro_B
24692c83.jpg,USB_Micro_B
1569235a.jpg,Lightning
bcb4120c.jpg,USB_Type_A
75cab247.jpg,Lightning_T
7f085999.jpg,USB_Micro_B
f15ada2b.jpg,USB_Type_C
82f23356.jpg,Mini_DisplayPort
a459cbd0.jpg,USB_Type_A
30f08574.jpg,USB_Type_C
b933ddb1.jpg,USB_Mini
cf7dd166.jpg,RJ_45
f86dfc0a.jpg,USB_Mini
dea1aea7.jpg,USB_Micro_B
5c6f01a9.jpg,USB_Type_C
f8654557.jpg,USB_Type_A
9f5a173c.jpg,USB_Micro_B
956e3a30.jpg,USB_Type_A
0a3e7331.jpg,USB_Type_B
7dd047c5.jpg,Lightning
01bcd26a.jpg,HDMI
f65b1acd.jpg,USB_Micro_B
2716f8d3.jpg,USB_Micro_B
c6f7b1e5.jpg,USB_Type_A
f8ace869.jpg,USB_Mini
068cdb9d.jpg,RJ_45
95713bd1.jpg,USB_Micro_B
338d9ecf.jpg,USB_Type_C
45fbbe0a.jpg,USB_Micro_B
b8e75597.jpg,USB_Type_A
2ffed2d3.jpg,USB_Type_A
d49039cc.jpg,USB_Micro_B
31794b01.jpg,USB_Micro_B
6ba9f961.jpg,USB_Type_A
593a9691.jpg,USB_Micro_B
75d4a278.jpg,USB_Type_C
1c8dd579.jpg,USB_Type_A
5a6218c1.jpg,USB_Mini
6c20e8a5.jpg,Dock
423e18a4.jpg,USB_Micro_B
d12ab752.jpg,USB_Type_A
13a76b6d.jpg,USB_Type_C
4cb03eeb.jpg,USB_Type_A
7a95f2d6.jpg,RJ_45
93d59e1c.jpg,USB_Type_A
5595e317.jpg,USB_Micro_B
798001d1.jpg,Lightning_T
f82d9f29.jpg,USB_Type_A
99661211.jpg,USB_Type_C
c15c8a54.jpg,USB_Micro_B_3.1
41b46520.jpg,USB_Type_C
c957dd3c.jpg,USB_Type_A
26c1b8d4.jpg,USB_Type_B
ccaebd01.jpg,USB_Type_C
ea944082.jpg,USB_Type_C
57143f2c.jpg,HDMI
ff21b44e.jpg,USB_Mini
cb480298.jpg,HDMI
7c4d89c1.jpg,USB_Type_B
150ee9ca.jpg,USB_Micro_B
5bbaaf38.jpg,USB_Micro_B
20e8507c.jpg,Lightning_T
995862ef.jpg,RJ_45
82db6e33.jpg,USB_Type_A
a90f3600.jpg,USB_Micro_B
1985ad3c.jpg,USB_Micro_B
4bd6c9ee.jpg,USB_Type_C
d35a6e30.jpg,USB_Micro_B
f9bd7f60.jpg,RJ_45
8046629d.jpg,VGA
e2b39487.jpg,USB_Mini
8a30f2af.jpg,USB_Type_A
41bdad81.jpg,Lightning
99fd8c91.jpg,USB_Type_A
c98a4af1.jpg,RJ_45
856aa5ab.jpg,Dock
ebbfc466.jpg,USB_Mini
4679b1f7.jpg,USB_Type_C
2934118e.jpg,USB_Type_A
2f7f15d0.jpg,RJ_45
d5b86278.jpg,USB_Micro_B
9181e670.jpg,HDMI
82518f2b.jpg,Lightning
6e39997d.jpg,USB_Type_C
54e8c1fe.jpg,USB_Type_A
e68482a0.jpg,USB_Micro_B
7a2bb470.jpg,USB_Micro_B
201b760f.jpg,Lightning_T
ff79f15d.jpg,USB_Type_C
7257ea14.jpg,USB_Mini
685c2d00.jpg,USB_Type_C
89b26ed6.jpg,USB_Micro_B
72ccd851.jpg,USB_Micro_B
ed12f171.jpg,Lightning
e1be0c7a.jpg,USB_Micro_B
55db199d.jpg,RJ_45
d8bf4374.jpg,USB_Type_C
b4bbea96.jpg,USB_Mini
c59cb232.jpg,Dock
22d87226.jpg,USB_Type_C
9f6f684b.jpg,USB_Micro_B
b3215110.jpg,USB_Micro_B
55c753e0.jpg,USB_Micro_B
59aba8fe.jpg,HDMI
11d2c555.jpg,Lightning
14925bfc.jpg,USB_Type_A
25b79982.jpg,RJ_45
24f838b4.jpg,USB_Mini
fac563cb.jpg,USB_Micro_B
5db4138e.jpg,USB_Type_C
27486136.jpg,USB_Micro_B_3.1
cca9b449.jpg,VGA
66975971.jpg,HDMI
1b656b5f.jpg,Mini_DisplayPort
49f0d181.jpg,USB_Type_C
0adf361d.jpg,USB_Micro_B
31dd0e98.jpg,USB_Micro_B
457688e7.jpg,USB_Micro_B
a22e0cb1.jpg,USB_Micro_B
2d9201d8.jpg,Dock
c9867990.jpg,USB_Type_C
8ea8690a.jpg,HDMI
23591323.jpg,USB_Micro_B
ed908da2.jpg,USB_Type_A
893955ea.jpg,USB_Micro_B
83a0030b.jpg,Dock
4bd6fb30.jpg,USB_Type_C
bf146817.jpg,Mini_DisplayPort
d85681b5.jpg,RJ_45
83d910f3.jpg,HDMI
c9d7406a.jpg,RJ_45
83c00fb9.jpg,Lightning
df53ef5a.jpg,USB_Type_A
f1e8e940.jpg,RJ_45
d2495f2f.jpg,USB_Micro_B
a190f309.jpg,USB_Mini
7a2995f1.jpg,USB_Micro_B
7e307f06.jpg,USB_Type_C
8689350c.jpg,USB_Type_C
90745684.jpg,Lightning
997df70c.jpg,USB_Type_C
ff9d27a5.jpg,USB_Micro_B_3.1
e1e89977.jpg,Lightning
51a05ed5.jpg,USB_Type_A
baa6a54d.jpg,USB_Type_C
462771fc.jpg,USB_Micro_B
e4819c51.jpg,USB_Type_C
8eb3c83c.jpg,USB_Type_A
987ccca5.jpg,USB_Micro_B
523b3a19.jpg,Mini_DisplayPort
f091942f.jpg,USB_Micro_B
45c710d8.jpg,USB_Micro_B_3.1
383e595b.jpg,USB_Micro_B
6ec1a74b.jpg,VGA
464a2f95.jpg,USB_Type_C
a71a838b.jpg,USB_Micro_B
0d762d8b.jpg,USB_Micro_B
d20fdf0c.jpg,USB_Micro_B
6e20ce10.jpg,Lightning
7a38a88b.jpg,USB_Type_C
a43acb05.jpg,Lightning
7af60c0b.jpg,USB_Type_B
e43131ef.jpg,USB_Type_A
44eecee9.jpg,USB_Micro_B
5226202f.jpg,Lightning_T
1a7f0579.jpg,USB_Micro_B
e0b48ed8.jpg,RJ_45
f6ad0765.jpg,USB_Type_A
ae50aa63.jpg,Lightning
17c8e2ae.jpg,USB_Micro_B
5732d8de.jpg,USB_Micro_B
182f4190.jpg,USB_Type_A
e0922705.jpg,USB_Type_C
579eb089.jpg,USB_Micro_B
7da94d3a.jpg,USB_Micro_B
78023770.jpg,HDMI
0990c08f.jpg,USB_Micro_B
2ed960f9.jpg,USB_Micro_B
1bdd1d96.jpg,USB_Mini
087cf646.jpg,USB_Type_C
e81b0232.jpg,RJ_45
ccdb07b0.jpg,USB_Micro_B
f283264f.jpg,RJ_45
1b6b1543.jpg,USB_Micro_B
ad6c81ae.jpg,USB_Type_A
41fbea06.jpg,USB_Micro_B
645f91ae.jpg,HDMI
35fe7c42.jpg,USB_Type_C
56c8e310.jpg,USB_Micro_B
9905899b.jpg,USB_Type_C
6ab39ef5.jpg,USB_Micro_B
5a8fc0bc.jpg,USB_Mini
cb07f623.jpg,USB_Type_A
45473403.jpg,USB_Type_B
e69ce6d9.jpg,RJ_45
f12b1e7d.jpg,USB_Type_C
19c52b33.jpg,USB_Micro_B
90c246a8.jpg,RJ_45
57d2e7e1.jpg,USB_Type_C
bc8bb8f5.jpg,USB_Type_C
86ce44c2.jpg,Lightning
41bb1c20.jpg,USB_Mini
d9190544.jpg,USB_Type_A
eaf17a74.jpg,Lightning_T
adfcd2dc.jpg,USB_Type_A
58225bc7.jpg,USB_Micro_B
bbccac43.jpg,USB_Micro_B
3f46daf5.jpg,USB_Mini
1385222d.jpg,Lightning
cb7f423e.jpg,Lightning_T
3a6b09dc.jpg,USB_Type_C
e18fe13d.jpg,USB_Type_C
e781b2c5.jpg,USB_Micro_B_W
abc9f91b.jpg,USB_Micro_B
12731be0.jpg,USB_Type_C
d2eab457.jpg,USB_Type_A
29ed487a.jpg,RJ_45
e228f346.jpg,USB_Micro_B
c11e4033.jpg,USB_Type_B
79f0a467.jpg,RJ_45
41231026.jpg,Lightning_T
dc7ae960.jpg,USB_Micro_B
84dd7b1a.jpg,USB_Type_C
fb36a80f.jpg,Dock
c7017966.jpg,Lightning_T
6c39a2e5.jpg,USB_Type_C
85638179.jpg,USB_Micro_B
96f40d52.jpg,USB_Type_A
cd73a9a0.jpg,RJ_45
e18fa102.jpg,USB_Type_C
b9600eb4.jpg,USB_Micro_B
f043f4cd.jpg,USB_Type_A
0d326e09.jpg,Lightning
6771cc59.jpg,USB_Mini
c1831b91.jpg,USB_Type_A
068fa103.jpg,USB_Mini
c7ee488d.jpg,USB_Micro_B_3.1
a1db29f9.jpg,USB_Mini
c967a0fd.jpg,USB_Mini
3035a961.jpg,USB_Type_C
4d378aa7.jpg,RJ_45
ee38e779.jpg,USB_Micro_B
220827bb.jpg,VGA
632d9ec7.jpg,USB_Type_A
2708ef40.jpg,RJ_45
03a74aef.jpg,Lightning
e92b026f.jpg,RJ_45
364c4c6e.jpg,USB_Type_A
b117636b.jpg,USB_Type_C
9162dedf.jpg,RJ_45
dd097ec6.jpg,USB_Micro_B_3.1
8edb5e4c.jpg,USB_Type_A
bacdc0b9.jpg,USB_Micro_B
e5f7f1ed.jpg,USB_Type_C
29fa6a2b.jpg,USB_Micro_B
9f4b57f8.jpg,USB_Micro_B
0cbfd7dc.jpg,USB_Micro_B
af1e1eb1.jpg,Lightning_T
27eee8b4.jpg,USB_Type_C
fa1f9426.jpg,USB_Mini
10388a13.jpg,USB_Type_A
918907ec.jpg,Dock
80fc925c.jpg,USB_Micro_B
cadbcf26.jpg,USB_Type_A
04529e7d.jpg,USB_Mini
26e1cec2.jpg,USB_Micro_B
de30b26b.jpg,USB_Micro_B
b4d56b2b.jpg,USB_Type_C
1190fbe6.jpg,Dock
3dc87ab7.jpg,USB_Micro_B
fb8f4251.jpg,USB_Micro_B
75819d35.jpg,USB_Micro_B
af6d08a8.jpg,USB_Type_A
05667075.jpg,HDMI
f3750fa9.jpg,USB_Type_C
ccaccb24.jpg,USB_Micro_B
63498969.jpg,Dock
2b1aa576.jpg,Lightning
db757b73.jpg,RJ_45
fe9036df.jpg,USB_Type_C
a74a8777.jpg,USB_Mini
3880c1f7.jpg,USB_Mini
30b3e223.jpg,Dock
bf7dd27a.jpg,USB_Micro_B
5c035fd1.jpg,Lightning_T
16f95616.jpg,DisplayPort
7e66cb9f.jpg,Lightning_T
5c178412.jpg,USB_Mini
4870cf27.jpg,RJ_45
95fcfef7.jpg,Mini_DisplayPort
4c4d1c64.jpg,Lightning
9ae23651.jpg,USB_Type_A
822f0353.jpg,RJ_45
cbd48249.jpg,USB_Mini
2834127a.jpg,Mini_DisplayPort
270775d9.jpg,USB_Type_A
73e56085.jpg,USB_Micro_B
43662a57.jpg,USB_Micro_B_W
eddf73e1.jpg,USB_Micro_B
66e9c3f8.jpg,USB_Micro_B
37e0529a.jpg,Dock
232e4680.jpg,HDMI
0db00718.jpg,Lightning_T
f7854ab1.jpg,Dock
6f575fdd.jpg,Lightning
3354f123.jpg,USB_Type_A
fadc157f.jpg,USB_Type_C
0b3baf54.jpg,USB_Type_A
cdecb41e.jpg,USB_Micro_B
c7d8008f.jpg,Mini_DisplayPort
35a9aff3.jpg,USB_Micro_B
dd317aec.jpg,USB_Mini
7b77b744.jpg,VGA
74a7bd6b.jpg,Dock
9da8d94e.jpg,Lightning_T
79c7c61a.jpg,USB_Type_B
19ca3f29.jpg,Mini_DisplayPort
0ad8c7db.jpg,USB_Mini
3dfbfa57.jpg,USB_Type_C
f75e0ef3.jpg,USB_Type_C
e05c3586.jpg,USB_Type_A
523dd10d.jpg,USB_Mini
459b20a3.jpg,USB_Micro_B
11cc711f.jpg,USB_Micro_B
e02a547a.jpg,Lightning_T
7c153d2e.jpg,USB_Type_A
935ba38a.jpg,RJ_45
dc9ea746.jpg,USB_Type_C
7207683d.jpg,Lightning
ac592c8d.jpg,USB_Type_A
99233bba.jpg,Lightning
9a282843.jpg,USB_Mini
5cabd798.jpg,USB_Micro_B
ead821b0.jpg,Lightning
2e99a1f3.jpg,Lightning
3420f655.jpg,RJ_45
d0f1fb55.jpg,USB_Mini
9cc0f9f3.jpg,USB_Micro_B
344c0e8b.jpg,USB_Mini
1c697bc9.jpg,USB_Micro_B
ab4c997c.jpg,USB_Mini
69389e32.jpg,USB_Micro_B
9d80a288.jpg,USB_Micro_B
af8f3ca0.jpg,Dock
2361643b.jpg,USB_Mini
d2eb1321.jpg,USB_Micro_B
9ee7fc35.jpg,USB_Micro_B
218ad0f9.jpg,USB_Type_A
d893829c.jpg,USB_Type_A
9db878fd.jpg,USB_Micro_B
d24d4176.jpg,Mini_DisplayPort
e089725d.jpg,USB_Type_C
4dd6e117.jpg,USB_Type_A
03c56bfe.jpg,RJ_45
c230d021.jpg,RJ_45
71993f5b.jpg,USB_Type_C
d2a781f8.jpg,USB_Type_A
e0a09501.jpg,USB_Type_C
dbc74e3a.jpg,HDMI
e5b86240.jpg,USB_Micro_B
5cdfc166.jpg,USB_Micro_B
0150efd6.jpg,USB_Micro_B
ee36651f.jpg,USB_Type_A
1cdc9c0e.jpg,USB_Type_C
8e1d4563.jpg,Lightning
bc7588ae.jpg,USB_Micro_B
3217efb0.jpg,RJ_45
49c5a999.jpg,USB_Mini
1515bd30.jpg,USB_Type_B
1431d8fe.jpg,USB_Type_A
b35d3d98.jpg,USB_Micro_B_3.1
8182553d.jpg,USB_Type_A
b0ae4a93.jpg,USB_Micro_B
58b56ca5.jpg,USB_Micro_B_3.1
10b14710.jpg,USB_Type_C
16ad0546.jpg,DisplayPort
3af0c8bd.jpg,USB_Type_C
a3fd5253.jpg,Lightning
eb367fb3.jpg,USB_Micro_B
359ce24b.jpg,USB_Micro_B
81f4b5a1.jpg,USB_Type_C
57e430fc.jpg,USB_Micro_B
baf61a03.jpg,USB_Type_C
95af0971.jpg,Lightning
4241e059.jpg,USB_Mini
20bf93b6.jpg,Dock
8d1dea6a.jpg,USB_Micro_B_W
15245dab.jpg,USB_Type_B
f16b3979.jpg,USB_Micro_B
7c1f689c.jpg,Dock
e036098e.jpg,Lightning
5453c3aa.jpg,USB_Micro_B
debf79d5.jpg,USB_Micro_B
cbd3dec7.jpg,USB_Type_C
fd4ef6b8.jpg,USB_Mini
a059cafb.jpg,USB_Type_C
f1bdeb1b.jpg,HDMI
a6e5dbd0.jpg,RJ_45
704f3019.jpg,USB_Micro_B
7d309510.jpg,USB_Type_A
760175f4.jpg,USB_Type_C
24398d5d.jpg,USB_Micro_B
b69f848f.jpg,USB_Type_C
fbb3909a.jpg,USB_Type_C
982a4c57.jpg,USB_Type_A
8b4996fd.jpg,USB_Mini
2a0ef58a.jpg,USB_Micro_B
253f813f.jpg,USB_Micro_B
3db4c14b.jpg,USB_Mini
4f125385.jpg,USB_Type_A
5f2e8ae5.jpg,USB_Mini
0d868080.jpg,USB_Micro_B_W
a59d9335.jpg,USB_Micro_B_3.1
b1a4664c.jpg,USB_Mini
bf8b9416.jpg,USB_Micro_B
110bebc8.jpg,USB_Type_A
3f9eedfe.jpg,USB_Type_C
8a18a396.jpg,USB_Type_C
be02ac56.jpg,USB_Micro_B_W
aee98c56.jpg,USB_Type_C
10b366e6.jpg,USB_Type_C
aa28911e.jpg,Lightning
30ec1ae0.jpg,Dock
50570cbc.jpg,USB_Micro_B
5b56fca9.jpg,Lightning
8a070016.jpg,USB_Type_A
d7bf8688.jpg,USB_Micro_B_3.1
2ea7af73.jpg,USB_Type_A
b001bdf5.jpg,USB_Type_B
5f2aac42.jpg,USB_Type_C
93f99900.jpg,USB_Micro_B
35c7a070.jpg,USB_Micro_B_3.1
de798aa9.jpg,USB_Micro_B
44b3b570.jpg,USB_Micro_B
a71e1dcf.jpg,USB_Type_C
7bf3c227.jpg,USB_Type_C
44a76d9f.jpg,USB_Micro_B
4b2aa50b.jpg,USB_Micro_B
2ec983e6.jpg,USB_Type_B
c60bf32d.jpg,USB_Type_C
ea4e7741.jpg,VGA
fbce37a2.jpg,USB_Micro_B
284112dc.jpg,USB_Type_A
f9e3ebbf.jpg,USB_Type_A
c2a86b19.jpg,USB_Micro_B
bac6e7eb.jpg,USB_Type_C
5b592728.jpg,USB_Type_A
620cd39a.jpg,USB_Mini
d11eb2b0.jpg,USB_Micro_B
ba2c2468.jpg,DisplayPort
58f93316.jpg,USB_Type_A
df4eefec.jpg,USB_Micro_B
69c650b8.jpg,HDMI
b8b8d994.jpg,USB_Micro_B
cd3dacc1.jpg,USB_Micro_B
63665927.jpg,USB_Type_B
30f0bcf0.jpg,Lightning
ec7f9e1c.jpg,USB_Type_C
25992676.jpg,RJ_45
80429974.jpg,USB_Mini
01e928ba.jpg,USB_Type_C
09ef5094.jpg,USB_Mini
26489a19.jpg,USB_Micro_B
c82fc7ce.jpg,USB_Micro_B
da51be50.jpg,Lightning
53cd8d0c.jpg,Lightning_T
ba3f7fd7.jpg,USB_Type_A
edd947dc.jpg,Lightning_T
15fd6206.jpg,Lightning
f7ed44a5.jpg,USB_Type_A
28aa7ac9.jpg,USB_Micro_B
5e3e8d52.jpg,USB_Micro_B
3dfcfacb.jpg,RJ_45
feeb4bc4.jpg,Lightning
797ce1fa.jpg,USB_Type_B
62d1c8c9.jpg,Lightning
a3486138.jpg,USB_Micro_B
8c980b5e.jpg,USB_Type_C
a539d110.jpg,USB_Type_C
5ffa8bc9.jpg,USB_Micro_B
58129455.jpg,USB_Micro_B
e9812bf4.jpg,Lightning
f54e78cc.jpg,Lightning
4480862d.jpg,Mini_DisplayPort
2805045f.jpg,Lightning
8da3cc43.jpg,USB_Micro_B
806b245a.jpg,Dock
a63219c6.jpg,Dock
2306878a.jpg,USB_Type_A
0d2ec3ef.jpg,USB_Mini
d0f7b5d5.jpg,USB_Type_C
b44d45eb.jpg,USB_Type_C
729c9719.jpg,USB_Mini
2edc9068.jpg,USB_Mini
7dac9a0d.jpg,HDMI
2225790c.jpg,USB_Type_C
5c9b908e.jpg,USB_Micro_B
7cf20439.jpg,USB_Type_A
0d411273.jpg,USB_Micro_B_3.1
e541292b.jpg,DisplayPort
e6ded773.jpg,USB_Type_C
7978a5cc.jpg,Lightning
abf24b75.jpg,USB_Type_A
937dc833.jpg,Lightning
8a65d2c8.jpg,RJ_45
cb755b89.jpg,Lightning_T
4c1c4d7b.jpg,USB_Type_C
f58e3eeb.jpg,USB_Type_A
2090ac5f.jpg,USB_Micro_B
05f336ad.jpg,RJ_45
cb8176ea.jpg,Lightning
9abb7c4c.jpg,USB_Micro_B
aee4cac5.jpg,Lightning
05d7369b.jpg,HDMI
df16685d.jpg,HDMI
971a4152.jpg,Lightning_T
e537c4c5.jpg,RJ_45
fb95c287.jpg,USB_Micro_B_3.1
8a5edcf7.jpg,USB_Type_B
2dc1d0bc.jpg,USB_Micro_B_3.1
25f0d9bd.jpg,USB_Type_A
58cd26d1.jpg,USB_Type_C
b7e661b1.jpg,USB_Mini
4b0e6319.jpg,Mini_DisplayPort
76ee8ca0.jpg,USB_Micro_B
0975c8f4.jpg,USB_Type_B
8f9376a9.jpg,USB_Type_A
41aaa0c3.jpg,Lightning_T
4bed5653.jpg,USB_Type_A
96451398.jpg,USB_Type_C
0e399ff3.jpg,USB_Type_A
69f251ef.jpg,Lightning_T
49b3c61b.jpg,USB_Mini
8602e93c.jpg,Dock
75b16718.jpg,USB_Type_C
36ce773c.jpg,USB_Type_C
152f676f.jpg,USB_Type_C
8e9b849b.jpg,USB_Mini
b8ffef93.jpg,USB_Type_C
dda65809.jpg,RJ_45
f51c0b60.jpg,USB_Type_A
332335c7.jpg,USB_Type_B
94e75e9e.jpg,USB_Micro_B
bf163743.jpg,RJ_45
3b08b5f5.jpg,USB_Type_A
3dcd3239.jpg,USB_Type_A
2e9720f6.jpg,Lightning
dc1dbdac.jpg,USB_Type_A
b40473fe.jpg,USB_Micro_B_3.1
19c0d5b0.jpg,VGA
722994dc.jpg,USB_Type_A
ba533966.jpg,USB_Mini
156d8bf7.jpg,Lightning_T
f67872be.jpg,Lightning
dc3d5831.jpg,Lightning_T
97a3d725.jpg,USB_Type_C
118eb258.jpg,Lightning
677c622c.jpg,USB_Micro_B
2a713013.jpg,USB_Type_C
83245004.jpg,USB_Micro_B
5442d818.jpg,USB_Type_A
b4465ede.jpg,USB_Micro_B
07d57515.jpg,USB_Type_A
b4eed301.jpg,RJ_45
cf9e92bd.jpg,USB_Type_B
e1769fb3.jpg,USB_Micro_B
64fa6905.jpg,USB_Micro_B
1c40b765.jpg,Lightning
d0207799.jpg,USB_Type_A
c3b46c69.jpg,USB_Type_C
eace48a1.jpg,Lightning_T
715fcf64.jpg,RJ_45
823e1f79.jpg,Lightning
40ab9a21.jpg,USB_Micro_B
d855229c.jpg,USB_Micro_B
08fbc24f.jpg,USB_Micro_B
b5b73a69.jpg,Lightning
5175c49e.jpg,USB_Type_A
27eae8c9.jpg,USB_Micro_B
e4949ad1.jpg,USB_Micro_B_3.1
963c0670.jpg,USB_Type_A
390490d4.jpg,USB_Type_C
08cf6c08.jpg,Lightning
0d4ce8fa.jpg,USB_Type_A
a186f253.jpg,USB_Mini
b2412d2f.jpg,USB_Type_C
e346642f.jpg,USB_Type_C
ce221912.jpg,USB_Type_B
07329cd9.jpg,USB_Type_C
b4e11d0b.jpg,USB_Micro_B
ed29f404.jpg,USB_Micro_B
455a27a9.jpg,USB_Type_C
e69d287e.jpg,Lightning_T
c2a14120.jpg,USB_Micro_B_3.1
c78dc58a.jpg,USB_Micro_B
d4ecff11.jpg,USB_Micro_B
58a7d409.jpg,USB_Type_B
84c434c5.jpg,USB_Micro_B
29e9d241.jpg,USB_Micro_B_W
affd505d.jpg,USB_Type_A
91bad7e5.jpg,USB_Type_A
9699b743.jpg,RJ_45
e209f7b7.jpg,Lightning
71af9e97.jpg,USB_Type_B
950ed53d.jpg,USB_Type_A
f3e0a597.jpg,Lightning_T
a88dd0e3.jpg,USB_Micro_B
67d7748c.jpg,USB_Micro_B
e7ec0fc6.jpg,USB_Micro_B
ee205e5a.jpg,USB_Mini
32a097cb.jpg,USB_Micro_B
5f98ca7f.jpg,USB_Type_B
e1fc519d.jpg,RJ_45
cd1a8eba.jpg,USB_Mini
ff25d1fa.jpg,USB_Micro_B
799125df.jpg,USB_Micro_B_3.1
f179342a.jpg,USB_Micro_B
c992765e.jpg,USB_Type_B
5458860e.jpg,USB_Type_B
a3fbf5d9.jpg,Lightning
57e71131.jpg,VGA
0ee05bd8.jpg,RJ_45
b759ee24.jpg,Lightning_T
eebda9bb.jpg,RJ_45
d9cd2423.jpg,USB_Type_C
c8677b8c.jpg,USB_Micro_B
20d7593b.jpg,USB_Type_C
3c5d8ca3.jpg,Lightning
6ca6d411.jpg,USB_Mini
5e018bd9.jpg,RJ_45
9e0b0488.jpg,RJ_45
fd6261b7.jpg,USB_Type_C
e20229ca.jpg,RJ_45
79367e48.jpg,Lightning
46c57d09.jpg,USB_Mini
14540c30.jpg,USB_Micro_B
72a10470.jpg,RJ_45
24ad38c6.jpg,USB_Micro_B
cec09b6f.jpg,USB_Type_C
53adcdba.jpg,USB_Micro_B
66e4b26a.jpg,USB_Micro_B
c3efab02.jpg,USB_Type_B
42272281.jpg,USB_Micro_B
ebc643b3.jpg,Lightning
9c92d57a.jpg,USB_Type_B
d650f288.jpg,RJ_45
d07c4ea8.jpg,USB_Type_A
aac7d4dc.jpg,USB_Micro_B_3.1
24aa248b.jpg,USB_Mini
d1de4364.jpg,USB_Micro_B
f6b74a4f.jpg,VGA
03271a49.jpg,USB_Type_B
05a4f8b8.jpg,USB_Mini
80d79f78.jpg,USB_Mini
1a29cb21.jpg,USB_Micro_B
3233ea5c.jpg,Mini_DisplayPort
f3b7c26a.jpg,Lightning
c4a83354.jpg,USB_Micro_B
a77755cb.jpg,USB_Type_C
d77ce114.jpg,RJ_45
78012420.jpg,VGA
231c10e6.jpg,USB_Micro_B_3.1
b4e53844.jpg,USB_Micro_B
1f66c04d.jpg,Mini_DisplayPort
98224c72.jpg,HDMI
a98a1c3c.jpg,VGA
b84e4d71.jpg,Lightning_T
6bd54958.jpg,Lightning_T
4fd28a4a.jpg,USB_Micro_B
d0e9e19d.jpg,USB_Type_C
f2b1abd0.jpg,Lightning
9977c3e1.jpg,USB_Micro_B
ad99e16f.jpg,USB_Type_C
434c8653.jpg,USB_Type_A
b13fc05d.jpg,USB_Type_A
35e1c4be.jpg,USB_Mini
3b0c6f9e.jpg,USB_Type_A
97401da4.jpg,USB_Micro_B
de8349b0.jpg,USB_Type_C
db18d8ca.jpg,HDMI
39228ef8.jpg,USB_Type_C
e2d661f7.jpg,USB_Micro_B
3fb41513.jpg,USB_Type_C
56529585.jpg,USB_Micro_B
01d9bd88.jpg,USB_Type_C
158fc5e6.jpg,USB_Type_C
3b078d53.jpg,USB_Mini
6af93c03.jpg,HDMI
d235f7a2.jpg,Dock
2c891eae.jpg,USB_Mini
39019499.jpg,RJ_45
214ed1d8.jpg,HDMI
f4c04ff4.jpg,USB_Micro_B
53f7e2da.jpg,Dock
cc313ce7.jpg,USB_Type_A
14a10ab7.jpg,USB_Type_B
9c62fc31.jpg,Lightning_T
8f045373.jpg,USB_Micro_B
5a21a541.jpg,RJ_45
65a98449.jpg,Lightning_T
dc2ee521.jpg,Dock
a5215e52.jpg,USB_Type_A
49432166.jpg,USB_Type_C
ad24eef0.jpg,USB_Micro_B
1c17de6f.jpg,RJ_45
d49833df.jpg,USB_Micro_B_3.1
81cb2c83.jpg,USB_Type_B
e7d9bb4e.jpg,USB_Type_B
ea3593c2.jpg,USB_Mini
5d549e92.jpg,USB_Type_C
3aa3de35.jpg,USB_Micro_B
e3e15853.jpg,USB_Micro_B
5dfe89f1.jpg,USB_Type_B
fce2b195.jpg,Mini_DisplayPort
15c28a49.jpg,USB_Type_C
79069855.jpg,USB_Type_B
c3aee205.jpg,USB_Type_A
d905112a.jpg,USB_Micro_B
a72464fb.jpg,DisplayPort
ff3d9d9e.jpg,USB_Mini
1215b6c0.jpg,USB_Type_B
b8cb2dcc.jpg,Lightning
8d001d8e.jpg,DisplayPort
4838dcbe.jpg,USB_Type_A
ce5080cd.jpg,RJ_45
7aff5794.jpg,USB_Micro_B
910077c1.jpg,USB_Micro_B
44359e96.jpg,USB_Type_C
feb5c7b0.jpg,HDMI
5d617fda.jpg,USB_Type_A
4fbcb401.jpg,USB_Mini
b6ce590d.jpg,USB_Micro_B
12c8b3c2.jpg,USB_Type_B
734ad78c.jpg,USB_Micro_B
7110606e.jpg,RJ_45
d7c3a5e6.jpg,USB_Micro_B
e699683b.jpg,USB_Type_A
f0310349.jpg,USB_Micro_B
2861296e.jpg,USB_Micro_B
142dfeb0.jpg,USB_Mini
b8a0f738.jpg,USB_Type_C
e7dc6468.jpg,USB_Micro_B
a09c468f.jpg,USB_Type_A
d4e08c44.jpg,Lightning
821e1f53.jpg,USB_Type_A
31e4607e.jpg,USB_Type_C
225b9492.jpg,USB_Type_C
f71f5ee2.jpg,USB_Type_C
2d177700.jpg,Lightning_T
12221da4.jpg,USB_Type_C
9650eea2.jpg,USB_Type_C
b40a9972.jpg,Mini_DisplayPort
762da191.jpg,USB_Type_C
e7307d06.jpg,RJ_45
eef8c527.jpg,USB_Type_A
e071170e.jpg,USB_Type_A
e4431691.jpg,VGA
0753eaf9.jpg,USB_Type_C
08d8ecc7.jpg,USB_Micro_B_W
23b12756.jpg,USB_Type_B
d8e18974.jpg,RJ_45
74f2f351.jpg,USB_Mini
d2cc09b6.jpg,USB_Micro_B_3.1
e17cbf7d.jpg,USB_Micro_B
4657ef5e.jpg,USB_Mini
ef6127bf.jpg,Dock
f54f0df5.jpg,USB_Mini
23267fc9.jpg,USB_Type_C
03214801.jpg,USB_Type_C
11f372bf.jpg,USB_Micro_B
422bbd14.jpg,Dock
4905b2e2.jpg,USB_Type_B
32f25bd9.jpg,USB_Type_C
cc9bd6c6.jpg,USB_Type_C
c062fc7d.jpg,USB_Micro_B
4162e4a3.jpg,USB_Type_C
55a8803b.jpg,USB_Mini
e98e59e9.jpg,USB_Type_C
9dec82f9.jpg,USB_Type_B
6526cce1.jpg,USB_Mini
f6c6cdf7.jpg,USB_Type_B
c9f0265f.jpg,USB_Micro_B
470e4e3f.jpg,Dock
45e8f478.jpg,USB_Micro_B
f7fb266f.jpg,USB_Micro_B
ba9b89b4.jpg,RJ_45
33e21c37.jpg,USB_Mini
d9019c41.jpg,HDMI
bf9ee4aa.jpg,USB_Mini
d10a5bdc.jpg,USB_Type_C
dc0f6fae.jpg,Lightning
523ee7b0.jpg,USB_Micro_B_3.1
fd309e77.jpg,USB_Type_C
91c9d9f6.jpg,USB_Type_A
1d3fbb37.jpg,USB_Micro_B
1f1fe085.jpg,USB_Type_A
39210a3c.jpg,USB_Micro_B_3.1
3737573e.jpg,USB_Type_C
ba589625.jpg,USB_Micro_B_3.1
51a3fa9a.jpg,USB_Type_A
029dac38.jpg,VGA
a81ec31c.jpg,USB_Type_A
6022f32e.jpg,USB_Micro_B
2386159a.jpg,USB_Type_A
0f133b8f.jpg,Lightning_T
e9297a9f.jpg,USB_Type_C
5742fb46.jpg,USB_Type_B
21cc5776.jpg,HDMI
d6b93f2e.jpg,USB_Micro_B
1f66df45.jpg,USB_Type_C
d5654ec1.jpg,USB_Micro_B
ec5ae8d1.jpg,USB_Type_B
b9443c4e.jpg,USB_Type_C
17bcef2b.jpg,USB_Micro_B
fb1cfb32.jpg,Lightning
ea12da38.jpg,USB_Micro_B
d2a7fe42.jpg,USB_Micro_B
df8b2c37.jpg,RJ_45
8975ffb6.jpg,USB_Micro_B
6967ba2c.jpg,USB_Micro_B
0b2e14bc.jpg,USB_Micro_B
6562acab.jpg,USB_Mini
23309eb9.jpg,USB_Micro_B_3.1
01b786ce.jpg,USB_Type_A
d304b81d.jpg,USB_Type_C
ddc761bb.jpg,RJ_45
098aa3a2.jpg,USB_Mini
953d8233.jpg,RJ_45
9c46766f.jpg,RJ_45
520303b5.jpg,DisplayPort
193945e8.jpg,USB_Type_C
f5cfce13.jpg,USB_Type_C
5c70e097.jpg,USB_Micro_B
dc06d838.jpg,USB_Micro_B
5eab7d83.jpg,USB_Mini
08305e29.jpg,Mini_DisplayPort
6c4c237f.jpg,RJ_45
3539e8af.jpg,Lightning
96b6182f.jpg,Lightning
67de2ce3.jpg,USB_Micro_B
b82d7c3b.jpg,USB_Type_A
58223c33.jpg,VGA
b0db929a.jpg,USB_Micro_B
6a7f4c3c.jpg,USB_Type_C
8ee8fc24.jpg,USB_Micro_B
a50ef923.jpg,USB_Micro_B
c10aa68b.jpg,Dock
83af6888.jpg,USB_Mini
53dc7a51.jpg,USB_Type_C
0bd093ec.jpg,Lightning
441d5293.jpg,USB_Type_C
57c8de45.jpg,USB_Type_B
de6ea636.jpg,USB_Type_A
13988e0a.jpg,USB_Micro_B
f6cbb78b.jpg,USB_Micro_B
0d8b669d.jpg,RJ_45
a2331271.jpg,HDMI
701f3709.jpg,USB_Micro_B
8d5220a9.jpg,USB_Mini
e91cb79d.jpg,Lightning
c4e6b7a9.jpg,USB_Micro_B
3f114996.jpg,USB_Type_A
150e0e35.jpg,USB_Micro_B
3df7b319.jpg,USB_Mini
dacdc13f.jpg,USB_Type_C
64050a0c.jpg,USB_Type_C
dff0c5b9.jpg,Lightning
819a8ef3.jpg,USB_Type_C
b640605c.jpg,Dock
8d3498f1.jpg,Lightning
81bb2632.jpg,USB_Micro_B
32224a77.jpg,USB_Micro_B
87b05689.jpg,USB_Type_C
38e2810d.jpg,USB_Micro_B
84f7a789.jpg,USB_Micro_B
8fcfcdca.jpg,USB_Mini
62e30103.jpg,USB_Micro_B
860a9ca6.jpg,RJ_45
d1de7842.jpg,USB_Micro_B
75549383.jpg,USB_Type_C
f06413eb.jpg,HDMI
841728e9.jpg,Lightning
1f636f8b.jpg,USB_Micro_B
01795803.jpg,Mini_DisplayPort
e1dd0983.jpg,USB_Micro_B
72078367.jpg,USB_Micro_B
75393eaa.jpg,USB_Type_A
3f6f2557.jpg,USB_Type_C
d0ffa3b8.jpg,USB_Type_A
ed657c71.jpg,USB_Type_B
a6dd5c0b.jpg,USB_Mini
39188a25.jpg,USB_Micro_B
aa32b617.jpg,USB_Micro_B
c9fc50d7.jpg,USB_Type_A
fe94789a.jpg,USB_Type_C
31017007.jpg,RJ_45
bc5c88f8.jpg,USB_Type_C
8f555090.jpg,USB_Type_C
6e92b119.jpg,HDMI
d932f838.jpg,RJ_45
f7b8e5e0.jpg,USB_Micro_B
5e6a6869.jpg,USB_Type_C
d5ac4537.jpg,USB_Type_A
57308046.jpg,USB_Micro_B
33eec1af.jpg,Lightning
25bf0c5d.jpg,USB_Type_A
106ca1b8.jpg,HDMI
2e655ed8.jpg,USB_Type_C
48655209.jpg,USB_Micro_B
f45d0df1.jpg,USB_Type_C
fdbf17dd.jpg,USB_Type_A
9aeec226.jpg,Lightning
111c4e19.jpg,RJ_45
d8b4c708.jpg,Lightning_T
45744094.jpg,USB_Micro_B
fcd9726a.jpg,USB_Type_C
202ba861.jpg,USB_Type_A
eebbdc92.jpg,USB_Micro_B
5eb67ae6.jpg,USB_Type_A
76185953.jpg,Lightning
09ee25f7.jpg,USB_Type_A
4e3857b0.jpg,HDMI
abf4bee3.jpg,USB_Mini
ed2d6987.jpg,USB_Type_A
631573a9.jpg,USB_Type_B
e14704c2.jpg,Lightning
2c090c0f.jpg,Lightning
c4a162fd.jpg,USB_Micro_B
87518bd9.jpg,Lightning
0896df2e.jpg,USB_Mini
1c8b434d.jpg,USB_Mini
8f37874b.jpg,USB_Type_C
54c78b45.jpg,Lightning
c03b82e3.jpg,USB_Mini
1b5c3adf.jpg,Lightning
c90ea572.jpg,USB_Micro_B
ba0ee2da.jpg,Dock
5dd03d9f.jpg,USB_Type_B
09797000.jpg,USB_Micro_B
cb04731f.jpg,HDMI
f194bd90.jpg,Lightning
12429437.jpg,USB_Micro_B
19b3277c.jpg,USB_Type_A
b742273c.jpg,USB_Type_C
13524f6b.jpg,USB_Type_A
b1cba450.jpg,HDMI
cc9cc99a.jpg,USB_Type_A
be4973a8.jpg,USB_Mini
562ead91.jpg,USB_Type_A
ec02f0a4.jpg,USB_Micro_B
913de178.jpg,VGA
d26a091b.jpg,USB_Type_C
4ffa4fb7.jpg,USB_Micro_B
aaef01a5.jpg,USB_Type_C
c4ad395f.jpg,USB_Mini
3d023192.jpg,USB_Micro_B
e15c5074.jpg,Lightning
4c79b9ed.jpg,Dock
8378e624.jpg,USB_Type_C
d444ed8e.jpg,USB_Type_C
ac656c02.jpg,Lightning
17eb4aa6.jpg,USB_Type_A
794929e4.jpg,USB_Type_A
d5815b3c.jpg,RJ_45
6e09d59a.jpg,USB_Micro_B
c1d7b99c.jpg,Lightning
b42debe0.jpg,Lightning_T
12a0ed7f.jpg,USB_Type_C
710835b5.jpg,RJ_45
e11c31f9.jpg,USB_Type_A
8f9513f7.jpg,Lightning
cca60c81.jpg,USB_Type_C
b343a2a7.jpg,RJ_45
b8d4d60e.jpg,USB_Type_C
0b097d7e.jpg,USB_Micro_B
b2f81797.jpg,USB_Type_C
f56ec1c0.jpg,RJ_45
affd60fe.jpg,USB_Type_C
e9285387.jpg,VGA
4ef14dad.jpg,USB_Type_A
cc92d11e.jpg,USB_Mini
c4a452f8.jpg,USB_Micro_B
5a42ce8e.jpg,USB_Type_C
dcd71bc1.jpg,USB_Micro_B
ad18ce2a.jpg,Lightning
4288a862.jpg,USB_Type_A
b6c4e5ba.jpg,USB_Mini
b1f200df.jpg,USB_Micro_B
f0a6eead.jpg,Lightning_T
514319f3.jpg,USB_Type_C
73d16bdd.jpg,USB_Type_C
c4be3389.jpg,RJ_45
aaac7902.jpg,USB_Micro_B
f3c22d21.jpg,USB_Micro_B
f63475f1.jpg,Lightning_T
1e7742a2.jpg,USB_Type_B
84054bc4.jpg,USB_Micro_B
756127cf.jpg,Lightning
10f75810.jpg,USB_Micro_B_3.1
4c08c723.jpg,Lightning
2a51eb86.jpg,DisplayPort
84c6c236.jpg,USB_Micro_B
a3e6bc04.jpg,USB_Type_A
c6a4d079.jpg,USB_Type_C
6f31555e.jpg,USB_Type_C
cdcb4024.jpg,USB_Type_B
e846d599.jpg,Lightning
b980176c.jpg,Lightning
4c61425f.jpg,USB_Type_A
15c84a87.jpg,USB_Micro_B
562ee856.jpg,USB_Micro_B
d56bfd9f.jpg,USB_Micro_B
00ad7e2e.jpg,USB_Type_A
ffbed1f2.jpg,USB_Type_C
658350d0.jpg,Lightning
5bc6f085.jpg,Lightning
98dcbe34.jpg,USB_Type_A
070167a5.jpg,USB_Micro_B
db4859f7.jpg,USB_Micro_B
1c50287b.jpg,USB_Micro_B
5e92efec.jpg,USB_Micro_B_W
653ed7af.jpg,USB_Micro_B
fef1f302.jpg,USB_Mini
2ece38fb.jpg,USB_Type_C
0ca98f2e.jpg,Lightning_T
4e5d36c6.jpg,USB_Type_B
ea0e94bd.jpg,Lightning
85475eed.jpg,USB_Micro_B
43dcb1e9.jpg,USB_Micro_B_3.1
d364771e.jpg,HDMI
7daa462c.jpg,HDMI
32a097bc.jpg,USB_Micro_B
5c622dc4.jpg,USB_Mini
f0deff08.jpg,USB_Type_C
db3aa4aa.jpg,RJ_45
a4f49fe2.jpg,Lightning_T
2dc3f48b.jpg,USB_Micro_B
8a2bed6d.jpg,USB_Type_C
90ee6a61.jpg,USB_Micro_B
98fd5cbf.jpg,RJ_45
28c55282.jpg,USB_Mini
8db3705c.jpg,USB_Micro_B
d098284f.jpg,USB_Type_C
384856b6.jpg,Lightning_T
7c80a593.jpg,DisplayPort
4d2cd3bd.jpg,USB_Micro_B
872ff5a2.jpg,USB_Micro_B
42183749.jpg,USB_Micro_B
13e0d2a0.jpg,Dock
f6de9bb7.jpg,Lightning
6078ac56.jpg,USB_Micro_B
967d0c9a.jpg,Dock
dea6f92e.jpg,USB_Type_B
0c4a4e8b.jpg,USB_Mini
4582de9b.jpg,USB_Mini
4acff813.jpg,RJ_45
43e83ea4.jpg,Lightning
b020154e.jpg,Mini_DisplayPort
03e4a812.jpg,USB_Micro_B_3.1
115c6034.jpg,USB_Type_B
63237894.jpg,USB_Micro_B
6c3426c4.jpg,USB_Micro_B
9e558a7d.jpg,USB_Micro_B_W
448cec66.jpg,USB_Micro_B
884acdd3.jpg,USB_Type_B
200d4874.jpg,USB_Micro_B
31365e4e.jpg,HDMI
fc24de34.jpg,RJ_45
20326846.jpg,USB_Type_C
7a7e0649.jpg,VGA
62547689.jpg,VGA
31118b37.jpg,USB_Type_C
484bd410.jpg,USB_Type_B
e83a778e.jpg,Lightning
23422ea5.jpg,USB_Type_A
4a3689f5.jpg,Lightning
12598cd4.jpg,USB_Type_A
b1522b7b.jpg,USB_Type_B
587406e1.jpg,DisplayPort
0b909b96.jpg,Dock
fcb16b23.jpg,USB_Type_C
9c9e6e19.jpg,USB_Type_A
e73d714c.jpg,USB_Micro_B
62096c34.jpg,USB_Micro_B
3dae35a9.jpg,USB_Type_C
3f96bb15.jpg,Lightning
3eb2c989.jpg,Lightning_T
7e84b706.jpg,RJ_45
306e1605.jpg,Lightning
bb1e8de0.jpg,Lightning_T
e4fab55e.jpg,USB_Mini
d34b606b.jpg,USB_Mini
1bb007cb.jpg,RJ_45
8ce3bec0.jpg,USB_Type_A
0a65f652.jpg,USB_Type_C
8c99fd9f.jpg,Lightning
4eae2d46.jpg,USB_Micro_B
ceadcae4.jpg,USB_Mini
4a5a3544.jpg,USB_Type_A
bbc3c7b6.jpg,RJ_45
8b13945f.jpg,USB_Type_C
